<annotation>
	<folder>images</folder>
	<filename>0.jpg</filename>
	<path>C:\Users\ziconium\Desktop\data\images\0.jpg</path>
	<source>
		<database>Unknown</database>
	</source>
	<size>
		<width>1067</width>
		<height>800</height>
		<depth>3</depth>
	</size>
	<segmented>0</segmented>
	<object>
		<name>cat</name>
		<pose>Unspecified</pose>
		<truncated>1</truncated>
		<difficult>0</difficult>
		<bndbox>
			<xmin>262</xmin>
			<ymin>2</ymin>
			<xmax>1067</xmax>
			<ymax>800</ymax>
		</bndbox>
	</object>
</annotation>
