<annotation>
	<folder>images</folder>
	<filename>0146b55d084a19a801205e4b52dc2f.jpg@1280w_1l_2o_100sh.jpg</filename>
	<path>C:\Users\ziconium\Desktop\data\images\0146b55d084a19a801205e4b52dc2f.jpg@1280w_1l_2o_100sh.jpg</path>
	<source>
		<database>Unknown</database>
	</source>
	<size>
		<width>1280</width>
		<height>1031</height>
		<depth>3</depth>
	</size>
	<segmented>0</segmented>
	<object>
		<name>cat</name>
		<pose>Unspecified</pose>
		<truncated>1</truncated>
		<difficult>0</difficult>
		<bndbox>
			<xmin>201</xmin>
			<ymin>78</ymin>
			<xmax>990</xmax>
			<ymax>1031</ymax>
		</bndbox>
	</object>
</annotation>
