<annotation>
	<folder>images</folder>
	<filename>0160875c7cda32a801203d226e0076.jpg@1280w_1l_2o_100sh.jpg</filename>
	<path>C:\Users\ziconium\Desktop\data\images\0160875c7cda32a801203d226e0076.jpg@1280w_1l_2o_100sh.jpg</path>
	<source>
		<database>Unknown</database>
	</source>
	<size>
		<width>1280</width>
		<height>1612</height>
		<depth>3</depth>
	</size>
	<segmented>0</segmented>
	<object>
		<name>cat</name>
		<pose>Unspecified</pose>
		<truncated>0</truncated>
		<difficult>0</difficult>
		<bndbox>
			<xmin>27</xmin>
			<ymin>238</ymin>
			<xmax>1198</xmax>
			<ymax>1533</ymax>
		</bndbox>
	</object>
</annotation>
