<annotation>
	<folder>images</folder>
	<filename>0190b15543065c0000019ae9ec1d84.jpg@1280w_1l_2o_100sh.jpg</filename>
	<path>C:\Users\ziconium\Desktop\data\images\0190b15543065c0000019ae9ec1d84.jpg@1280w_1l_2o_100sh.jpg</path>
	<source>
		<database>Unknown</database>
	</source>
	<size>
		<width>1280</width>
		<height>853</height>
		<depth>3</depth>
	</size>
	<segmented>0</segmented>
	<object>
		<name>cat</name>
		<pose>Unspecified</pose>
		<truncated>1</truncated>
		<difficult>0</difficult>
		<bndbox>
			<xmin>79</xmin>
			<ymin>158</ymin>
			<xmax>728</xmax>
			<ymax>853</ymax>
		</bndbox>
	</object>
</annotation>
