<annotation>
	<folder>images</folder>
	<filename>01d3a15ce78b6aa80121a470fc0081.jpg@2o.jpg</filename>
	<path>C:\Users\ziconium\Desktop\data\images\01d3a15ce78b6aa80121a470fc0081.jpg@2o.jpg</path>
	<source>
		<database>Unknown</database>
	</source>
	<size>
		<width>2400</width>
		<height>3600</height>
		<depth>3</depth>
	</size>
	<segmented>0</segmented>
	<object>
		<name>cat</name>
		<pose>Unspecified</pose>
		<truncated>0</truncated>
		<difficult>0</difficult>
		<bndbox>
			<xmin>356</xmin>
			<ymin>367</ymin>
			<xmax>1976</xmax>
			<ymax>3220</ymax>
		</bndbox>
	</object>
</annotation>
