<annotation>
	<folder>images</folder>
	<filename>01d6b05ce78b6aa801209aa0b5e2f8.jpg@3000w_1l_2o_100sh.jpg</filename>
	<path>C:\Users\ziconium\Desktop\data\images\01d6b05ce78b6aa801209aa0b5e2f8.jpg@3000w_1l_2o_100sh.jpg</path>
	<source>
		<database>Unknown</database>
	</source>
	<size>
		<width>3000</width>
		<height>2000</height>
		<depth>3</depth>
	</size>
	<segmented>0</segmented>
	<object>
		<name>cat</name>
		<pose>Unspecified</pose>
		<truncated>0</truncated>
		<difficult>0</difficult>
		<bndbox>
			<xmin>102</xmin>
			<ymin>637</ymin>
			<xmax>2797</xmax>
			<ymax>1621</ymax>
		</bndbox>
	</object>
</annotation>
