<annotation>
	<folder>images</folder>
	<filename>100.jpg</filename>
	<path>C:\Users\ziconium\Desktop\data\images\100.jpg</path>
	<source>
		<database>Unknown</database>
	</source>
	<size>
		<width>500</width>
		<height>877</height>
		<depth>3</depth>
	</size>
	<segmented>0</segmented>
	<object>
		<name>cat</name>
		<pose>Unspecified</pose>
		<truncated>0</truncated>
		<difficult>0</difficult>
		<bndbox>
			<xmin>39</xmin>
			<ymin>93</ymin>
			<xmax>384</xmax>
			<ymax>811</ymax>
		</bndbox>
	</object>
</annotation>
