<annotation>
	<folder>images</folder>
	<filename>101.jpg</filename>
	<path>C:\Users\ziconium\Desktop\data\images\101.jpg</path>
	<source>
		<database>Unknown</database>
	</source>
	<size>
		<width>500</width>
		<height>709</height>
		<depth>3</depth>
	</size>
	<segmented>0</segmented>
	<object>
		<name>cat</name>
		<pose>Unspecified</pose>
		<truncated>1</truncated>
		<difficult>0</difficult>
		<bndbox>
			<xmin>123</xmin>
			<ymin>99</ymin>
			<xmax>500</xmax>
			<ymax>478</ymax>
		</bndbox>
	</object>
</annotation>
