<annotation>
	<folder>images</folder>
	<filename>102.jpg</filename>
	<path>C:\Users\ziconium\Desktop\data\images\102.jpg</path>
	<source>
		<database>Unknown</database>
	</source>
	<size>
		<width>800</width>
		<height>1066</height>
		<depth>3</depth>
	</size>
	<segmented>0</segmented>
	<object>
		<name>cat</name>
		<pose>Unspecified</pose>
		<truncated>1</truncated>
		<difficult>0</difficult>
		<bndbox>
			<xmin>1</xmin>
			<ymin>75</ymin>
			<xmax>397</xmax>
			<ymax>1065</ymax>
		</bndbox>
	</object>
	<object>
		<name>cat</name>
		<pose>Unspecified</pose>
		<truncated>1</truncated>
		<difficult>0</difficult>
		<bndbox>
			<xmin>405</xmin>
			<ymin>90</ymin>
			<xmax>800</xmax>
			<ymax>1015</ymax>
		</bndbox>
	</object>
</annotation>
