<annotation>
	<folder>images</folder>
	<filename>105.jpg</filename>
	<path>C:\Users\ziconium\Desktop\data\images\105.jpg</path>
	<source>
		<database>Unknown</database>
	</source>
	<size>
		<width>500</width>
		<height>889</height>
		<depth>3</depth>
	</size>
	<segmented>0</segmented>
	<object>
		<name>cat</name>
		<pose>Unspecified</pose>
		<truncated>0</truncated>
		<difficult>0</difficult>
		<bndbox>
			<xmin>74</xmin>
			<ymin>195</ymin>
			<xmax>466</xmax>
			<ymax>823</ymax>
		</bndbox>
	</object>
</annotation>
