<annotation>
	<folder>images</folder>
	<filename>11.jpeg</filename>
	<path>C:\Users\ziconium\Desktop\data\images\11.jpeg</path>
	<source>
		<database>Unknown</database>
	</source>
	<size>
		<width>753</width>
		<height>500</height>
		<depth>3</depth>
	</size>
	<segmented>0</segmented>
	<object>
		<name>cat</name>
		<pose>Unspecified</pose>
		<truncated>0</truncated>
		<difficult>0</difficult>
		<bndbox>
			<xmin>144</xmin>
			<ymin>2</ymin>
			<xmax>750</xmax>
			<ymax>435</ymax>
		</bndbox>
	</object>
</annotation>
