<annotation>
	<folder>images</folder>
	<filename>110.jpg</filename>
	<path>C:\Users\ziconium\Desktop\data\images\110.jpg</path>
	<source>
		<database>Unknown</database>
	</source>
	<size>
		<width>500</width>
		<height>667</height>
		<depth>3</depth>
	</size>
	<segmented>0</segmented>
	<object>
		<name>cat</name>
		<pose>Unspecified</pose>
		<truncated>1</truncated>
		<difficult>0</difficult>
		<bndbox>
			<xmin>80</xmin>
			<ymin>229</ymin>
			<xmax>500</xmax>
			<ymax>667</ymax>
		</bndbox>
	</object>
	<object>
		<name>cat</name>
		<pose>Unspecified</pose>
		<truncated>0</truncated>
		<difficult>0</difficult>
		<bndbox>
			<xmin>88</xmin>
			<ymin>134</ymin>
			<xmax>253</xmax>
			<ymax>252</ymax>
		</bndbox>
	</object>
</annotation>
