<annotation>
	<folder>images</folder>
	<filename>117.jpg</filename>
	<path>C:\Users\ziconium\Desktop\data\images\117.jpg</path>
	<source>
		<database>Unknown</database>
	</source>
	<size>
		<width>886</width>
		<height>500</height>
		<depth>3</depth>
	</size>
	<segmented>0</segmented>
	<object>
		<name>cat</name>
		<pose>Unspecified</pose>
		<truncated>0</truncated>
		<difficult>0</difficult>
		<bndbox>
			<xmin>392</xmin>
			<ymin>113</ymin>
			<xmax>705</xmax>
			<ymax>329</ymax>
		</bndbox>
	</object>
</annotation>
