<annotation>
	<folder>images</folder>
	<filename>118.jpg</filename>
	<path>C:\Users\ziconium\Desktop\data\images\118.jpg</path>
	<source>
		<database>Unknown</database>
	</source>
	<size>
		<width>800</width>
		<height>500</height>
		<depth>3</depth>
	</size>
	<segmented>0</segmented>
	<object>
		<name>cat</name>
		<pose>Unspecified</pose>
		<truncated>0</truncated>
		<difficult>0</difficult>
		<bndbox>
			<xmin>146</xmin>
			<ymin>8</ymin>
			<xmax>639</xmax>
			<ymax>300</ymax>
		</bndbox>
	</object>
</annotation>
