<annotation>
	<folder>images</folder>
	<filename>12.jpg</filename>
	<path>C:\Users\ziconium\Desktop\data\images\12.jpg</path>
	<source>
		<database>Unknown</database>
	</source>
	<size>
		<width>800</width>
		<height>1421</height>
		<depth>3</depth>
	</size>
	<segmented>0</segmented>
	<object>
		<name>cat</name>
		<pose>Unspecified</pose>
		<truncated>1</truncated>
		<difficult>0</difficult>
		<bndbox>
			<xmin>11</xmin>
			<ymin>92</ymin>
			<xmax>800</xmax>
			<ymax>1273</ymax>
		</bndbox>
	</object>
</annotation>
