<annotation>
	<folder>images</folder>
	<filename>121.jpg</filename>
	<path>C:\Users\ziconium\Desktop\data\images\121.jpg</path>
	<source>
		<database>Unknown</database>
	</source>
	<size>
		<width>667</width>
		<height>500</height>
		<depth>3</depth>
	</size>
	<segmented>0</segmented>
	<object>
		<name>cat</name>
		<pose>Unspecified</pose>
		<truncated>0</truncated>
		<difficult>0</difficult>
		<bndbox>
			<xmin>244</xmin>
			<ymin>162</ymin>
			<xmax>652</xmax>
			<ymax>435</ymax>
		</bndbox>
	</object>
	<object>
		<name>cat</name>
		<pose>Unspecified</pose>
		<truncated>1</truncated>
		<difficult>0</difficult>
		<bndbox>
			<xmin>1</xmin>
			<ymin>142</ymin>
			<xmax>305</xmax>
			<ymax>481</ymax>
		</bndbox>
	</object>
</annotation>
