<annotation>
	<folder>images</folder>
	<filename>163.jpg</filename>
	<path>C:\Users\ziconium\Desktop\data\images\163.jpg</path>
	<source>
		<database>Unknown</database>
	</source>
	<size>
		<width>508</width>
		<height>500</height>
		<depth>3</depth>
	</size>
	<segmented>0</segmented>
	<object>
		<name>cat</name>
		<pose>Unspecified</pose>
		<truncated>1</truncated>
		<difficult>0</difficult>
		<bndbox>
			<xmin>124</xmin>
			<ymin>158</ymin>
			<xmax>508</xmax>
			<ymax>422</ymax>
		</bndbox>
	</object>
</annotation>
