<annotation>
	<folder>images</folder>
	<filename>167.jpg</filename>
	<path>C:\Users\ziconium\Desktop\data\images\167.jpg</path>
	<source>
		<database>Unknown</database>
	</source>
	<size>
		<width>500</width>
		<height>800</height>
		<depth>3</depth>
	</size>
	<segmented>0</segmented>
	<object>
		<name>cat</name>
		<pose>Unspecified</pose>
		<truncated>1</truncated>
		<difficult>0</difficult>
		<bndbox>
			<xmin>105</xmin>
			<ymin>181</ymin>
			<xmax>500</xmax>
			<ymax>658</ymax>
		</bndbox>
	</object>
</annotation>
