<annotation>
	<folder>images</folder>
	<filename>17.jpg</filename>
	<path>C:\Users\ziconium\Desktop\data\images\17.jpg</path>
	<source>
		<database>Unknown</database>
	</source>
	<size>
		<width>500</width>
		<height>625</height>
		<depth>3</depth>
	</size>
	<segmented>0</segmented>
	<object>
		<name>cat</name>
		<pose>Unspecified</pose>
		<truncated>1</truncated>
		<difficult>0</difficult>
		<bndbox>
			<xmin>1</xmin>
			<ymin>112</ymin>
			<xmax>331</xmax>
			<ymax>625</ymax>
		</bndbox>
	</object>
	<object>
		<name>cat</name>
		<pose>Unspecified</pose>
		<truncated>1</truncated>
		<difficult>0</difficult>
		<bndbox>
			<xmin>152</xmin>
			<ymin>11</ymin>
			<xmax>500</xmax>
			<ymax>625</ymax>
		</bndbox>
	</object>
</annotation>
