<annotation>
	<folder>images</folder>
	<filename>174.jpg</filename>
	<path>C:\Users\ziconium\Desktop\data\images\174.jpg</path>
	<source>
		<database>Unknown</database>
	</source>
	<size>
		<width>500</width>
		<height>400</height>
		<depth>3</depth>
	</size>
	<segmented>0</segmented>
	<object>
		<name>cat</name>
		<pose>Unspecified</pose>
		<truncated>0</truncated>
		<difficult>0</difficult>
		<bndbox>
			<xmin>72</xmin>
			<ymin>46</ymin>
			<xmax>224</xmax>
			<ymax>399</ymax>
		</bndbox>
	</object>
	<object>
		<name>cat</name>
		<pose>Unspecified</pose>
		<truncated>1</truncated>
		<difficult>0</difficult>
		<bndbox>
			<xmin>237</xmin>
			<ymin>43</ymin>
			<xmax>443</xmax>
			<ymax>400</ymax>
		</bndbox>
	</object>
</annotation>
