<annotation>
	<folder>images</folder>
	<filename>175.jpg</filename>
	<path>C:\Users\ziconium\Desktop\data\images\175.jpg</path>
	<source>
		<database>Unknown</database>
	</source>
	<size>
		<width>450</width>
		<height>600</height>
		<depth>3</depth>
	</size>
	<segmented>0</segmented>
	<object>
		<name>cat</name>
		<pose>Unspecified</pose>
		<truncated>0</truncated>
		<difficult>0</difficult>
		<bndbox>
			<xmin>22</xmin>
			<ymin>143</ymin>
			<xmax>389</xmax>
			<ymax>540</ymax>
		</bndbox>
	</object>
</annotation>
