<annotation>
	<folder>images</folder>
	<filename>176.jpg</filename>
	<path>C:\Users\ziconium\Desktop\data\images\176.jpg</path>
	<source>
		<database>Unknown</database>
	</source>
	<size>
		<width>500</width>
		<height>313</height>
		<depth>3</depth>
	</size>
	<segmented>0</segmented>
	<object>
		<name>cat</name>
		<pose>Unspecified</pose>
		<truncated>1</truncated>
		<difficult>0</difficult>
		<bndbox>
			<xmin>120</xmin>
			<ymin>2</ymin>
			<xmax>420</xmax>
			<ymax>313</ymax>
		</bndbox>
	</object>
</annotation>
