<annotation>
	<folder>images</folder>
	<filename>177.jpg</filename>
	<path>C:\Users\ziconium\Desktop\data\images\177.jpg</path>
	<source>
		<database>Unknown</database>
	</source>
	<size>
		<width>670</width>
		<height>500</height>
		<depth>3</depth>
	</size>
	<segmented>0</segmented>
	<object>
		<name>cat</name>
		<pose>Unspecified</pose>
		<truncated>1</truncated>
		<difficult>0</difficult>
		<bndbox>
			<xmin>9</xmin>
			<ymin>4</ymin>
			<xmax>621</xmax>
			<ymax>500</ymax>
		</bndbox>
	</object>
</annotation>
