<annotation>
	<folder>images</folder>
	<filename>179.jpg</filename>
	<path>C:\Users\ziconium\Desktop\data\images\179.jpg</path>
	<source>
		<database>Unknown</database>
	</source>
	<size>
		<width>607</width>
		<height>405</height>
		<depth>3</depth>
	</size>
	<segmented>0</segmented>
	<object>
		<name>cat</name>
		<pose>Unspecified</pose>
		<truncated>1</truncated>
		<difficult>0</difficult>
		<bndbox>
			<xmin>156</xmin>
			<ymin>97</ymin>
			<xmax>472</xmax>
			<ymax>405</ymax>
		</bndbox>
	</object>
</annotation>
