<annotation>
	<folder>images</folder>
	<filename>181.jpg</filename>
	<path>C:\Users\ziconium\Desktop\data\images\181.jpg</path>
	<source>
		<database>Unknown</database>
	</source>
	<size>
		<width>281</width>
		<height>500</height>
		<depth>3</depth>
	</size>
	<segmented>0</segmented>
	<object>
		<name>cat</name>
		<pose>Unspecified</pose>
		<truncated>0</truncated>
		<difficult>0</difficult>
		<bndbox>
			<xmin>98</xmin>
			<ymin>183</ymin>
			<xmax>241</xmax>
			<ymax>458</ymax>
		</bndbox>
	</object>
</annotation>
