<annotation>
	<folder>images</folder>
	<filename>182.jpg</filename>
	<path>C:\Users\ziconium\Desktop\data\images\182.jpg</path>
	<source>
		<database>Unknown</database>
	</source>
	<size>
		<width>753</width>
		<height>500</height>
		<depth>3</depth>
	</size>
	<segmented>0</segmented>
	<object>
		<name>cat</name>
		<pose>Unspecified</pose>
		<truncated>1</truncated>
		<difficult>0</difficult>
		<bndbox>
			<xmin>39</xmin>
			<ymin>11</ymin>
			<xmax>716</xmax>
			<ymax>500</ymax>
		</bndbox>
	</object>
</annotation>
