<annotation>
	<folder>images</folder>
	<filename>183.jpg</filename>
	<path>C:\Users\ziconium\Desktop\data\images\183.jpg</path>
	<source>
		<database>Unknown</database>
	</source>
	<size>
		<width>721</width>
		<height>500</height>
		<depth>3</depth>
	</size>
	<segmented>0</segmented>
	<object>
		<name>cat</name>
		<pose>Unspecified</pose>
		<truncated>0</truncated>
		<difficult>0</difficult>
		<bndbox>
			<xmin>255</xmin>
			<ymin>51</ymin>
			<xmax>576</xmax>
			<ymax>474</ymax>
		</bndbox>
	</object>
</annotation>
