<annotation>
	<folder>images</folder>
	<filename>185.jpg</filename>
	<path>C:\Users\ziconium\Desktop\data\images\185.jpg</path>
	<source>
		<database>Unknown</database>
	</source>
	<size>
		<width>500</width>
		<height>833</height>
		<depth>3</depth>
	</size>
	<segmented>0</segmented>
	<object>
		<name>cat</name>
		<pose>Unspecified</pose>
		<truncated>1</truncated>
		<difficult>0</difficult>
		<bndbox>
			<xmin>130</xmin>
			<ymin>118</ymin>
			<xmax>500</xmax>
			<ymax>833</ymax>
		</bndbox>
	</object>
</annotation>
