<annotation>
	<folder>images</folder>
	<filename>187.jpg</filename>
	<path>C:\Users\ziconium\Desktop\data\images\187.jpg</path>
	<source>
		<database>Unknown</database>
	</source>
	<size>
		<width>480</width>
		<height>319</height>
		<depth>3</depth>
	</size>
	<segmented>0</segmented>
	<object>
		<name>cat</name>
		<pose>Unspecified</pose>
		<truncated>1</truncated>
		<difficult>0</difficult>
		<bndbox>
			<xmin>39</xmin>
			<ymin>11</ymin>
			<xmax>480</xmax>
			<ymax>281</ymax>
		</bndbox>
	</object>
</annotation>
