<annotation>
	<folder>images</folder>
	<filename>188.jpg</filename>
	<path>C:\Users\ziconium\Desktop\data\images\188.jpg</path>
	<source>
		<database>Unknown</database>
	</source>
	<size>
		<width>667</width>
		<height>500</height>
		<depth>3</depth>
	</size>
	<segmented>0</segmented>
	<object>
		<name>cat</name>
		<pose>Unspecified</pose>
		<truncated>1</truncated>
		<difficult>0</difficult>
		<bndbox>
			<xmin>14</xmin>
			<ymin>79</ymin>
			<xmax>466</xmax>
			<ymax>500</ymax>
		</bndbox>
	</object>
</annotation>
