<annotation>
	<folder>images</folder>
	<filename>189.jpg</filename>
	<path>C:\Users\ziconium\Desktop\data\images\189.jpg</path>
	<source>
		<database>Unknown</database>
	</source>
	<size>
		<width>500</width>
		<height>281</height>
		<depth>3</depth>
	</size>
	<segmented>0</segmented>
	<object>
		<name>cat</name>
		<pose>Unspecified</pose>
		<truncated>1</truncated>
		<difficult>0</difficult>
		<bndbox>
			<xmin>172</xmin>
			<ymin>46</ymin>
			<xmax>482</xmax>
			<ymax>281</ymax>
		</bndbox>
	</object>
</annotation>
