<annotation>
	<folder>images</folder>
	<filename>19.jpg</filename>
	<path>C:\Users\ziconium\Desktop\data\images\19.jpg</path>
	<source>
		<database>Unknown</database>
	</source>
	<size>
		<width>800</width>
		<height>1067</height>
		<depth>3</depth>
	</size>
	<segmented>0</segmented>
	<object>
		<name>cat</name>
		<pose>Unspecified</pose>
		<truncated>1</truncated>
		<difficult>0</difficult>
		<bndbox>
			<xmin>88</xmin>
			<ymin>48</ymin>
			<xmax>661</xmax>
			<ymax>1067</ymax>
		</bndbox>
	</object>
</annotation>
