<annotation>
	<folder>images</folder>
	<filename>190.jpg</filename>
	<path>C:\Users\ziconium\Desktop\data\images\190.jpg</path>
	<source>
		<database>Unknown</database>
	</source>
	<size>
		<width>600</width>
		<height>400</height>
		<depth>3</depth>
	</size>
	<segmented>0</segmented>
	<object>
		<name>cat</name>
		<pose>Unspecified</pose>
		<truncated>1</truncated>
		<difficult>0</difficult>
		<bndbox>
			<xmin>60</xmin>
			<ymin>33</ymin>
			<xmax>485</xmax>
			<ymax>400</ymax>
		</bndbox>
	</object>
</annotation>
