<annotation>
	<folder>images</folder>
	<filename>191.jpg</filename>
	<path>C:\Users\ziconium\Desktop\data\images\191.jpg</path>
	<source>
		<database>Unknown</database>
	</source>
	<size>
		<width>840</width>
		<height>500</height>
		<depth>3</depth>
	</size>
	<segmented>0</segmented>
	<object>
		<name>cat</name>
		<pose>Unspecified</pose>
		<truncated>0</truncated>
		<difficult>0</difficult>
		<bndbox>
			<xmin>14</xmin>
			<ymin>53</ymin>
			<xmax>822</xmax>
			<ymax>458</ymax>
		</bndbox>
	</object>
</annotation>
