<annotation>
	<folder>images</folder>
	<filename>193.png</filename>
	<path>C:\Users\ziconium\Desktop\data\images\193.png</path>
	<source>
		<database>Unknown</database>
	</source>
	<size>
		<width>500</width>
		<height>300</height>
		<depth>3</depth>
	</size>
	<segmented>0</segmented>
	<object>
		<name>cat</name>
		<pose>Unspecified</pose>
		<truncated>0</truncated>
		<difficult>0</difficult>
		<bndbox>
			<xmin>154</xmin>
			<ymin>7</ymin>
			<xmax>392</xmax>
			<ymax>285</ymax>
		</bndbox>
	</object>
</annotation>
