<annotation>
	<folder>images</folder>
	<filename>198.jpg</filename>
	<path>C:\Users\ziconium\Desktop\data\images\198.jpg</path>
	<source>
		<database>Unknown</database>
	</source>
	<size>
		<width>500</width>
		<height>700</height>
		<depth>3</depth>
	</size>
	<segmented>0</segmented>
	<object>
		<name>cat</name>
		<pose>Unspecified</pose>
		<truncated>0</truncated>
		<difficult>0</difficult>
		<bndbox>
			<xmin>3</xmin>
			<ymin>62</ymin>
			<xmax>490</xmax>
			<ymax>666</ymax>
		</bndbox>
	</object>
</annotation>
