<annotation>
	<folder>images</folder>
	<filename>2.jpg</filename>
	<path>C:\Users\ziconium\Desktop\data\images\2.jpg</path>
	<source>
		<database>Unknown</database>
	</source>
	<size>
		<width>750</width>
		<height>500</height>
		<depth>3</depth>
	</size>
	<segmented>0</segmented>
	<object>
		<name>cat</name>
		<pose>Unspecified</pose>
		<truncated>0</truncated>
		<difficult>0</difficult>
		<bndbox>
			<xmin>119</xmin>
			<ymin>91</ymin>
			<xmax>734</xmax>
			<ymax>402</ymax>
		</bndbox>
	</object>
</annotation>
