<annotation>
	<folder>images</folder>
	<filename>20.jpg</filename>
	<path>C:\Users\ziconium\Desktop\data\images\20.jpg</path>
	<source>
		<database>Unknown</database>
	</source>
	<size>
		<width>500</width>
		<height>625</height>
		<depth>3</depth>
	</size>
	<segmented>0</segmented>
	<object>
		<name>cat</name>
		<pose>Unspecified</pose>
		<truncated>0</truncated>
		<difficult>0</difficult>
		<bndbox>
			<xmin>85</xmin>
			<ymin>120</ymin>
			<xmax>247</xmax>
			<ymax>509</ymax>
		</bndbox>
	</object>
	<object>
		<name>cat</name>
		<pose>Unspecified</pose>
		<truncated>0</truncated>
		<difficult>0</difficult>
		<bndbox>
			<xmin>223</xmin>
			<ymin>98</ymin>
			<xmax>394</xmax>
			<ymax>487</ymax>
		</bndbox>
	</object>
</annotation>
