<annotation>
	<folder>images</folder>
	<filename>200.jpg</filename>
	<path>C:\Users\ziconium\Desktop\data\images\200.jpg</path>
	<source>
		<database>Unknown</database>
	</source>
	<size>
		<width>667</width>
		<height>500</height>
		<depth>3</depth>
	</size>
	<segmented>0</segmented>
	<object>
		<name>cat</name>
		<pose>Unspecified</pose>
		<truncated>0</truncated>
		<difficult>0</difficult>
		<bndbox>
			<xmin>161</xmin>
			<ymin>56</ymin>
			<xmax>420</xmax>
			<ymax>433</ymax>
		</bndbox>
	</object>
	<object>
		<name>cat</name>
		<pose>Unspecified</pose>
		<truncated>0</truncated>
		<difficult>0</difficult>
		<bndbox>
			<xmin>322</xmin>
			<ymin>81</ymin>
			<xmax>543</xmax>
			<ymax>441</ymax>
		</bndbox>
	</object>
</annotation>
