<annotation>
	<folder>images</folder>
	<filename>21.jpg</filename>
	<path>C:\Users\ziconium\Desktop\data\images\21.jpg</path>
	<source>
		<database>Unknown</database>
	</source>
	<size>
		<width>800</width>
		<height>1429</height>
		<depth>3</depth>
	</size>
	<segmented>0</segmented>
	<object>
		<name>cat</name>
		<pose>Unspecified</pose>
		<truncated>1</truncated>
		<difficult>0</difficult>
		<bndbox>
			<xmin>201</xmin>
			<ymin>528</ymin>
			<xmax>800</xmax>
			<ymax>1283</ymax>
		</bndbox>
	</object>
</annotation>
