<annotation>
	<folder>images</folder>
	<filename>27.jpg</filename>
	<path>C:\Users\ziconium\Desktop\data\images\27.jpg</path>
	<source>
		<database>Unknown</database>
	</source>
	<size>
		<width>800</width>
		<height>1067</height>
		<depth>3</depth>
	</size>
	<segmented>0</segmented>
	<object>
		<name>cat</name>
		<pose>Unspecified</pose>
		<truncated>0</truncated>
		<difficult>0</difficult>
		<bndbox>
			<xmin>5</xmin>
			<ymin>106</ymin>
			<xmax>627</xmax>
			<ymax>1053</ymax>
		</bndbox>
	</object>
</annotation>
