<annotation>
	<folder>images</folder>
	<filename>34.jpg</filename>
	<path>C:\Users\ziconium\Desktop\data\images\34.jpg</path>
	<source>
		<database>Unknown</database>
	</source>
	<size>
		<width>500</width>
		<height>667</height>
		<depth>3</depth>
	</size>
	<segmented>0</segmented>
	<object>
		<name>cat</name>
		<pose>Unspecified</pose>
		<truncated>0</truncated>
		<difficult>0</difficult>
		<bndbox>
			<xmin>73</xmin>
			<ymin>189</ymin>
			<xmax>388</xmax>
			<ymax>572</ymax>
		</bndbox>
	</object>
</annotation>
