<annotation>
	<folder>images</folder>
	<filename>35.jpg</filename>
	<path>C:\Users\ziconium\Desktop\data\images\35.jpg</path>
	<source>
		<database>Unknown</database>
	</source>
	<size>
		<width>800</width>
		<height>800</height>
		<depth>3</depth>
	</size>
	<segmented>0</segmented>
	<object>
		<name>cat</name>
		<pose>Unspecified</pose>
		<truncated>0</truncated>
		<difficult>0</difficult>
		<bndbox>
			<xmin>140</xmin>
			<ymin>18</ymin>
			<xmax>541</xmax>
			<ymax>798</ymax>
		</bndbox>
	</object>
</annotation>
