<annotation>
	<folder>images</folder>
	<filename>42.jpg</filename>
	<path>C:\Users\ziconium\Desktop\data\images\42.jpg</path>
	<source>
		<database>Unknown</database>
	</source>
	<size>
		<width>800</width>
		<height>1067</height>
		<depth>3</depth>
	</size>
	<segmented>0</segmented>
	<object>
		<name>cat</name>
		<pose>Unspecified</pose>
		<truncated>0</truncated>
		<difficult>0</difficult>
		<bndbox>
			<xmin>175</xmin>
			<ymin>151</ymin>
			<xmax>773</xmax>
			<ymax>1006</ymax>
		</bndbox>
	</object>
</annotation>
