<annotation>
	<folder>images</folder>
	<filename>43.jpg</filename>
	<path>C:\Users\ziconium\Desktop\data\images\43.jpg</path>
	<source>
		<database>Unknown</database>
	</source>
	<size>
		<width>500</width>
		<height>732</height>
		<depth>3</depth>
	</size>
	<segmented>0</segmented>
	<object>
		<name>cat</name>
		<pose>Unspecified</pose>
		<truncated>0</truncated>
		<difficult>0</difficult>
		<bndbox>
			<xmin>7</xmin>
			<ymin>91</ymin>
			<xmax>481</xmax>
			<ymax>510</ymax>
		</bndbox>
	</object>
</annotation>
