<annotation>
	<folder>images</folder>
	<filename>47.jpg</filename>
	<path>C:\Users\ziconium\Desktop\data\images\47.jpg</path>
	<source>
		<database>Unknown</database>
	</source>
	<size>
		<width>520</width>
		<height>500</height>
		<depth>3</depth>
	</size>
	<segmented>0</segmented>
	<object>
		<name>cat</name>
		<pose>Unspecified</pose>
		<truncated>0</truncated>
		<difficult>0</difficult>
		<bndbox>
			<xmin>3</xmin>
			<ymin>6</ymin>
			<xmax>505</xmax>
			<ymax>491</ymax>
		</bndbox>
	</object>
</annotation>
