<annotation>
	<folder>images</folder>
	<filename>49.jpg</filename>
	<path>C:\Users\ziconium\Desktop\data\images\49.jpg</path>
	<source>
		<database>Unknown</database>
	</source>
	<size>
		<width>800</width>
		<height>1057</height>
		<depth>3</depth>
	</size>
	<segmented>0</segmented>
	<object>
		<name>cat</name>
		<pose>Unspecified</pose>
		<truncated>0</truncated>
		<difficult>0</difficult>
		<bndbox>
			<xmin>308</xmin>
			<ymin>242</ymin>
			<xmax>762</xmax>
			<ymax>922</ymax>
		</bndbox>
	</object>
</annotation>
