<annotation>
	<folder>images</folder>
	<filename>5.jpeg</filename>
	<path>C:\Users\ziconium\Desktop\data\images\5.jpeg</path>
	<source>
		<database>Unknown</database>
	</source>
	<size>
		<width>720</width>
		<height>500</height>
		<depth>3</depth>
	</size>
	<segmented>0</segmented>
	<object>
		<name>cat</name>
		<pose>Unspecified</pose>
		<truncated>1</truncated>
		<difficult>0</difficult>
		<bndbox>
			<xmin>214</xmin>
			<ymin>41</ymin>
			<xmax>649</xmax>
			<ymax>500</ymax>
		</bndbox>
	</object>
</annotation>
