<annotation>
	<folder>images</folder>
	<filename>53.jpg</filename>
	<path>C:\Users\ziconium\Desktop\data\images\53.jpg</path>
	<source>
		<database>Unknown</database>
	</source>
	<size>
		<width>500</width>
		<height>667</height>
		<depth>3</depth>
	</size>
	<segmented>0</segmented>
	<object>
		<name>cat</name>
		<pose>Unspecified</pose>
		<truncated>0</truncated>
		<difficult>0</difficult>
		<bndbox>
			<xmin>105</xmin>
			<ymin>93</ymin>
			<xmax>288</xmax>
			<ymax>586</ymax>
		</bndbox>
	</object>
	<object>
		<name>cat</name>
		<pose>Unspecified</pose>
		<truncated>1</truncated>
		<difficult>0</difficult>
		<bndbox>
			<xmin>268</xmin>
			<ymin>136</ymin>
			<xmax>500</xmax>
			<ymax>615</ymax>
		</bndbox>
	</object>
</annotation>
