<annotation>
	<folder>images</folder>
	<filename>58.jpg</filename>
	<path>C:\Users\ziconium\Desktop\data\images\58.jpg</path>
	<source>
		<database>Unknown</database>
	</source>
	<size>
		<width>668</width>
		<height>500</height>
		<depth>3</depth>
	</size>
	<segmented>0</segmented>
	<object>
		<name>cat</name>
		<pose>Unspecified</pose>
		<truncated>0</truncated>
		<difficult>0</difficult>
		<bndbox>
			<xmin>193</xmin>
			<ymin>60</ymin>
			<xmax>514</xmax>
			<ymax>443</ymax>
		</bndbox>
	</object>
</annotation>
