<annotation>
	<folder>images</folder>
	<filename>59.jpg</filename>
	<path>C:\Users\ziconium\Desktop\data\images\59.jpg</path>
	<source>
		<database>Unknown</database>
	</source>
	<size>
		<width>500</width>
		<height>750</height>
		<depth>3</depth>
	</size>
	<segmented>0</segmented>
	<object>
		<name>cat</name>
		<pose>Unspecified</pose>
		<truncated>0</truncated>
		<difficult>0</difficult>
		<bndbox>
			<xmin>244</xmin>
			<ymin>384</ymin>
			<xmax>362</xmax>
			<ymax>542</ymax>
		</bndbox>
	</object>
</annotation>
