<annotation>
	<folder>images</folder>
	<filename>62.jpg</filename>
	<path>C:\Users\ziconium\Desktop\data\images\62.jpg</path>
	<source>
		<database>Unknown</database>
	</source>
	<size>
		<width>500</width>
		<height>1333</height>
		<depth>3</depth>
	</size>
	<segmented>0</segmented>
	<object>
		<name>cat</name>
		<pose>Unspecified</pose>
		<truncated>1</truncated>
		<difficult>0</difficult>
		<bndbox>
			<xmin>112</xmin>
			<ymin>81</ymin>
			<xmax>500</xmax>
			<ymax>609</ymax>
		</bndbox>
	</object>
	<object>
		<name>cat</name>
		<pose>Unspecified</pose>
		<truncated>1</truncated>
		<difficult>0</difficult>
		<bndbox>
			<xmin>19</xmin>
			<ymin>730</ymin>
			<xmax>500</xmax>
			<ymax>1276</ymax>
		</bndbox>
	</object>
</annotation>
