<annotation>
	<folder>images</folder>
	<filename>63.jpg</filename>
	<path>C:\Users\ziconium\Desktop\data\images\63.jpg</path>
	<source>
		<database>Unknown</database>
	</source>
	<size>
		<width>888</width>
		<height>500</height>
		<depth>3</depth>
	</size>
	<segmented>0</segmented>
	<object>
		<name>cat</name>
		<pose>Unspecified</pose>
		<truncated>1</truncated>
		<difficult>0</difficult>
		<bndbox>
			<xmin>37</xmin>
			<ymin>107</ymin>
			<xmax>590</xmax>
			<ymax>500</ymax>
		</bndbox>
	</object>
	<object>
		<name>cat</name>
		<pose>Unspecified</pose>
		<truncated>1</truncated>
		<difficult>0</difficult>
		<bndbox>
			<xmin>490</xmin>
			<ymin>1</ymin>
			<xmax>870</xmax>
			<ymax>500</ymax>
		</bndbox>
	</object>
</annotation>
