<annotation>
	<folder>images</folder>
	<filename>75.jpg</filename>
	<path>C:\Users\ziconium\Desktop\data\images\75.jpg</path>
	<source>
		<database>Unknown</database>
	</source>
	<size>
		<width>500</width>
		<height>889</height>
		<depth>3</depth>
	</size>
	<segmented>0</segmented>
	<object>
		<name>cat</name>
		<pose>Unspecified</pose>
		<truncated>0</truncated>
		<difficult>0</difficult>
		<bndbox>
			<xmin>44</xmin>
			<ymin>270</ymin>
			<xmax>302</xmax>
			<ymax>601</ymax>
		</bndbox>
	</object>
	<object>
		<name>cat</name>
		<pose>Unspecified</pose>
		<truncated>1</truncated>
		<difficult>0</difficult>
		<bndbox>
			<xmin>94</xmin>
			<ymin>340</ymin>
			<xmax>500</xmax>
			<ymax>698</ymax>
		</bndbox>
	</object>
</annotation>
