<annotation>
	<folder>images</folder>
	<filename>79.jpeg</filename>
	<path>C:\Users\ziconium\Desktop\data\images\79.jpeg</path>
	<source>
		<database>Unknown</database>
	</source>
	<size>
		<width>1280</width>
		<height>800</height>
		<depth>3</depth>
	</size>
	<segmented>0</segmented>
	<object>
		<name>cat</name>
		<pose>Unspecified</pose>
		<truncated>1</truncated>
		<difficult>0</difficult>
		<bndbox>
			<xmin>163</xmin>
			<ymin>8</ymin>
			<xmax>1136</xmax>
			<ymax>800</ymax>
		</bndbox>
	</object>
</annotation>
