<annotation>
	<folder>images</folder>
	<filename>8.jpg</filename>
	<path>C:\Users\ziconium\Desktop\data\images\8.jpg</path>
	<source>
		<database>Unknown</database>
	</source>
	<size>
		<width>655</width>
		<height>435</height>
		<depth>3</depth>
	</size>
	<segmented>0</segmented>
	<object>
		<name>cat</name>
		<pose>Unspecified</pose>
		<truncated>1</truncated>
		<difficult>0</difficult>
		<bndbox>
			<xmin>39</xmin>
			<ymin>9</ymin>
			<xmax>635</xmax>
			<ymax>435</ymax>
		</bndbox>
	</object>
</annotation>
