<annotation>
	<folder>images</folder>
	<filename>82.jpg</filename>
	<path>C:\Users\ziconium\Desktop\data\images\82.jpg</path>
	<source>
		<database>Unknown</database>
	</source>
	<size>
		<width>500</width>
		<height>500</height>
		<depth>3</depth>
	</size>
	<segmented>0</segmented>
	<object>
		<name>cat</name>
		<pose>Unspecified</pose>
		<truncated>1</truncated>
		<difficult>0</difficult>
		<bndbox>
			<xmin>1</xmin>
			<ymin>8</ymin>
			<xmax>279</xmax>
			<ymax>486</ymax>
		</bndbox>
	</object>
	<object>
		<name>cat</name>
		<pose>Unspecified</pose>
		<truncated>0</truncated>
		<difficult>0</difficult>
		<bndbox>
			<xmin>253</xmin>
			<ymin>200</ymin>
			<xmax>428</xmax>
			<ymax>368</ymax>
		</bndbox>
	</object>
</annotation>
