<annotation>
	<folder>images</folder>
	<filename>87.jpg</filename>
	<path>C:\Users\ziconium\Desktop\data\images\87.jpg</path>
	<source>
		<database>Unknown</database>
	</source>
	<size>
		<width>800</width>
		<height>1067</height>
		<depth>3</depth>
	</size>
	<segmented>0</segmented>
	<object>
		<name>cat</name>
		<pose>Unspecified</pose>
		<truncated>1</truncated>
		<difficult>0</difficult>
		<bndbox>
			<xmin>1</xmin>
			<ymin>1</ymin>
			<xmax>746</xmax>
			<ymax>606</ymax>
		</bndbox>
	</object>
</annotation>
