<annotation>
	<folder>images</folder>
	<filename>96.jpg</filename>
	<path>C:\Users\ziconium\Desktop\data\images\96.jpg</path>
	<source>
		<database>Unknown</database>
	</source>
	<size>
		<width>890</width>
		<height>500</height>
		<depth>3</depth>
	</size>
	<segmented>0</segmented>
	<object>
		<name>cat</name>
		<pose>Unspecified</pose>
		<truncated>0</truncated>
		<difficult>0</difficult>
		<bndbox>
			<xmin>156</xmin>
			<ymin>269</ymin>
			<xmax>358</xmax>
			<ymax>461</ymax>
		</bndbox>
	</object>
	<object>
		<name>cat</name>
		<pose>Unspecified</pose>
		<truncated>0</truncated>
		<difficult>0</difficult>
		<bndbox>
			<xmin>307</xmin>
			<ymin>199</ymin>
			<xmax>484</xmax>
			<ymax>447</ymax>
		</bndbox>
	</object>
	<object>
		<name>cat</name>
		<pose>Unspecified</pose>
		<truncated>0</truncated>
		<difficult>0</difficult>
		<bndbox>
			<xmin>553</xmin>
			<ymin>273</ymin>
			<xmax>761</xmax>
			<ymax>404</ymax>
		</bndbox>
	</object>
</annotation>
