<annotation>
	<folder>images</folder>
	<filename>97.jpg</filename>
	<path>C:\Users\ziconium\Desktop\data\images\97.jpg</path>
	<source>
		<database>Unknown</database>
	</source>
	<size>
		<width>500</width>
		<height>500</height>
		<depth>3</depth>
	</size>
	<segmented>0</segmented>
	<object>
		<name>cat</name>
		<pose>Unspecified</pose>
		<truncated>0</truncated>
		<difficult>0</difficult>
		<bndbox>
			<xmin>70</xmin>
			<ymin>13</ymin>
			<xmax>436</xmax>
			<ymax>493</ymax>
		</bndbox>
	</object>
</annotation>
