<annotation>
	<folder>images</folder>
	<filename>99.jpg</filename>
	<path>C:\Users\ziconium\Desktop\data\images\99.jpg</path>
	<source>
		<database>Unknown</database>
	</source>
	<size>
		<width>812</width>
		<height>500</height>
		<depth>3</depth>
	</size>
	<segmented>0</segmented>
	<object>
		<name>cat</name>
		<pose>Unspecified</pose>
		<truncated>0</truncated>
		<difficult>0</difficult>
		<bndbox>
			<xmin>244</xmin>
			<ymin>106</ymin>
			<xmax>599</xmax>
			<ymax>413</ymax>
		</bndbox>
	</object>
</annotation>
