<annotation>
	<folder>images</folder>
	<filename>OIP.jpg</filename>
	<path>C:\Users\ziconium\Desktop\data\images\OIP.jpg</path>
	<source>
		<database>Unknown</database>
	</source>
	<size>
		<width>474</width>
		<height>715</height>
		<depth>3</depth>
	</size>
	<segmented>0</segmented>
	<object>
		<name>cat</name>
		<pose>Unspecified</pose>
		<truncated>1</truncated>
		<difficult>0</difficult>
		<bndbox>
			<xmin>127</xmin>
			<ymin>128</ymin>
			<xmax>440</xmax>
			<ymax>715</ymax>
		</bndbox>
	</object>
</annotation>
