<annotation>
	<folder>images</folder>
	<filename>R.jpg</filename>
	<path>C:\Users\ziconium\Desktop\data\images\R.jpg</path>
	<source>
		<database>Unknown</database>
	</source>
	<size>
		<width>841</width>
		<height>1024</height>
		<depth>3</depth>
	</size>
	<segmented>0</segmented>
	<object>
		<name>cat</name>
		<pose>Unspecified</pose>
		<truncated>0</truncated>
		<difficult>0</difficult>
		<bndbox>
			<xmin>85</xmin>
			<ymin>162</ymin>
			<xmax>715</xmax>
			<ymax>835</ymax>
		</bndbox>
	</object>
</annotation>
